mc	mn	quarterbeats	quarterbeats_all_endings	duration_qb	volta	mc_onset	mn_onset	event	timesig	staff	voice	duration	gracenote	nominal_duration	scalar	chord_id	dynamics	articulation	staff_text	tempo	qpm	tempo_visible	slur	Trill:trill	crescendo_hairpin	decrescendo_hairpin
1	0	0	0	0.0		0	3/4	Tempo	4/4	1	1	0								Alerte	138.0	1.0				
1	0	1/4	1/4	0.0		1/16	13/16	Dynamic	4/4	1	1	0					f									
1	0	1/4	1/4	0.25		1/16	13/16	Chord	4/4	1	1	1/16		1/16	1	0							0			
1	0	1/2	1/2	0.0		1/8	7/8	Tempo	4/4	1	1	0								(ùÖü=138)	138.0	1.0	0			
1	0	1/2	1/2	0.25		1/8	7/8	Chord	4/4	1	1	1/16		1/16	1	1							0			
1	0	3/4	3/4	0.25		3/16	15/16	Chord	4/4	1	1	1/16		1/16	1	2							0			
2	1	1	1	1.0		0	0	Chord	4/4	1	1	1/4		1/4	1	3										
2	1	2	2	0.75		1/4	1/4	Chord	4/4	1	1	3/16		1/8	3/2	4										
2	1	11/4	11/4	0.25		7/16	7/16	Chord	4/4	1	1	1/16		1/16	1	5							1			
2	1	3	3	0.25		1/2	1/2	Chord	4/4	1	1	1/16		1/16	1	6							1			
2	1	13/4	13/4	0.25		9/16	9/16	Chord	4/4	1	1	1/16		1/16	1	7							1			
2	1	7/2	7/2	0.25		5/8	5/8	Chord	4/4	1	1	1/16		1/16	1	8							1			
2	1	15/4	15/4	0.25		11/16	11/16	Chord	4/4	1	1	1/16		1/16	1	9							1			
2	1	4	4	0.5		3/4	3/4	Chord	4/4	1	1	1/8		1/8	1	10										
2	1	9/2	9/2	0.25		7/8	7/8	Chord	4/4	1	1	1/16		1/16	1	11							2			
2	1	19/4	19/4	0.25		15/16	15/16	Chord	4/4	1	1	1/16		1/16	1	12							2			
2	1	3/2	3/2	0.5		1/8	1/8	Chord	4/4	1	2	1/8		1/8	1	13										
2	1	5/2	5/2	0.5		3/8	3/8	Chord	4/4	1	2	1/8		1/8	1	14										
2	1	1	1	1.0		0	0	Chord	4/4	2	1	1/4		1/4	1	15										
2	1	2	2	1.0		1/4	1/4	Chord	4/4	2	1	1/4		1/4	1	16										
2	1	3	3	1.0		1/2	1/2	Chord	4/4	2	1	1/4		1/4	1	17										
2	1	9/2	9/2	0.5		7/8	7/8	Chord	4/4	2	1	1/8		1/8	1	18										
2	1	4	4	1.0		3/4	3/4	Chord	4/4	2	2	1/4		1/4	1	19										
3	2	5	5	0.5		0	0	Chord	4/4	1	1	1/8		1/8	1	20										
3	2	11/2	11/2	0.25		1/8	1/8	Chord	4/4	1	1	1/16		1/16	1	21							3			
3	2	23/4	23/4	0.25		3/16	3/16	Chord	4/4	1	1	1/16		1/16	1	22							3			
3	2	6	6	0.5		1/4	1/4	Chord	4/4	1	1	1/8		1/8	1	23										
3	2	13/2	13/2	0.25		3/8	3/8	Chord	4/4	1	1	1/16		1/16	1	24							4			
3	2	27/4	27/4	0.25		7/16	7/16	Chord	4/4	1	1	1/16		1/16	1	25							4			
3	2	7	7	0.25		1/2	1/2	Chord	4/4	1	1	1/16		1/16	1	26							4			
3	2	29/4	29/4	0.25		9/16	9/16	Chord	4/4	1	1	1/16		1/16	1	27							4			
3	2	15/2	15/2	0.25		5/8	5/8	Chord	4/4	1	1	1/16		1/16	1	28							4			
3	2	31/4	31/4	0.25		11/16	11/16	Chord	4/4	1	1	1/16		1/16	1	29							4			
3	2	8	8	0.25		3/4	3/4	Chord	4/4	1	1	1/16		1/16	1	30										
3	2	33/4	33/4	0.25		13/16	13/16	Chord	4/4	1	1	1/16		1/16	1	31							5			
3	2	17/2	17/2	0.25		7/8	7/8	Chord	4/4	1	1	1/16		1/16	1	32							5			
3	2	35/4	35/4	0.25		15/16	15/16	Chord	4/4	1	1	1/16		1/16	1	33							5			
3	2	11/2	11/2	0.5		1/8	1/8	Chord	4/4	2	1	1/8		1/8	1	34										
3	2	13/2	13/2	0.5		3/8	3/8	Chord	4/4	2	1	1/8		1/8	1	35							6			
3	2	5	5	4.0		0	0	Chord	4/4	2	2	1		1	1	36										
3	2	8	8	1.0		3/4	3/4	Chord	4/4	2	3	1/4		1/4	1	37										
4	3	9	9	1.0		0	0	Chord	7/4	1	1	1/4		1/4	1	38										
4	3	10	10	0.75		1/4	1/4	Chord	7/4	1	1	3/16		1/8	3/2	39										
4	3	43/4	43/4	0.25		7/16	7/16	Chord	7/4	1	1	1/16		1/16	1	40							7			
4	3	11	11	0.25		1/2	1/2	Chord	7/4	1	1	1/16		1/16	1	41							7			
4	3	45/4	45/4	0.25		9/16	9/16	Chord	7/4	1	1	1/16		1/16	1	42							7			
4	3	23/2	23/2	0.25		5/8	5/8	Chord	7/4	1	1	1/16		1/16	1	43							7			
4	3	47/4	47/4	0.25		11/16	11/16	Chord	7/4	1	1	1/16		1/16	1	44							7			
4	3	12	12	0.5		3/4	3/4	Chord	7/4	1	1	1/8		1/8	1	45										
4	3	25/2	25/2	0.25		7/8	7/8	Chord	7/4	1	1	1/16		1/16	1	46							8			
4	3	51/4	51/4	0.25		15/16	15/16	Chord	7/4	1	1	1/16		1/16	1	47							8			
4	3	13	13	0.5		1	1	Chord	7/4	1	1	1/8		1/8	1	48										
4	3	27/2	27/2	0.25		9/8	9/8	Chord	7/4	1	1	1/16		1/16	1	49							9			
4	3	55/4	55/4	0.25		19/16	19/16	Chord	7/4	1	1	1/16		1/16	1	50							9			
4	3	14	14	0.5		5/4	5/4	Chord	7/4	1	1	1/8		1/8	1	51										
4	3	29/2	29/2	0.25		11/8	11/8	Chord	7/4	1	1	1/16		1/16	1	52							10			
4	3	59/4	59/4	0.25		23/16	23/16	Chord	7/4	1	1	1/16		1/16	1	53							10			
4	3	15	15	0.25		3/2	3/2	Chord	7/4	1	1	1/16		1/16	1	54							10			
4	3	61/4	61/4	0.25		25/16	25/16	Chord	7/4	1	1	1/16		1/16	1	55							10			
4	3	31/2	31/2	0.25		13/8	13/8	Chord	7/4	1	1	1/16		1/16	1	56							10			
4	3	63/4	63/4	0.25		27/16	27/16	Chord	7/4	1	1	1/16		1/16	1	57							10			
4	3	19/2	19/2	0.5		1/8	1/8	Chord	7/4	1	2	1/8		1/8	1	58										
4	3	21/2	21/2	0.5		3/8	3/8	Chord	7/4	1	2	1/8		1/8	1	59										
4	3	9	9	1.0		0	0	Chord	7/4	2	1	1/4		1/4	1	60										
4	3	10	10	1.0		1/4	1/4	Chord	7/4	2	1	1/4		1/4	1	61										
4	3	11	11	1.0		1/2	1/2	Chord	7/4	2	1	1/4		1/4	1	62										
4	3	25/2	25/2	0.5		7/8	7/8	Chord	7/4	2	1	1/8		1/8	1	63										
4	3	27/2	27/2	0.5		9/8	9/8	Chord	7/4	2	1	1/8		1/8	1	64										
4	3	29/2	29/2	0.5		11/8	11/8	Chord	7/4	2	1	1/8		1/8	1	65							11			
4	3	12	12	4.0		3/4	3/4	Chord	7/4	2	2	1		1	1	66							12			
5	4	16	16	0.0		0	0	Dynamic	4/4	1	1	0					ff									
5	4	16	16	0.0		0	0	StaffText	4/4	1	1	0							<i>sans duret√®-tr√®s li√®</i>							
5	4	16	16	1.0		0	0	Chord	4/4	1	1	1/4		1/4	1	67							13			
5	4	17	17	1.0		1/4	1/4	Chord	4/4	1	1	1/4		1/4	1	68							13			
5	4	18	18	1.0		1/2	1/2	Chord	4/4	1	1	1/4		1/4	1	69							13			
5	4	19	19	0.5		3/4	3/4	Chord	4/4	1	1	1/8		1/8	1	70							13			
5	4	39/2	39/2	0.5		7/8	7/8	Chord	4/4	1	1	1/8		1/8	1	71										
5	4	37/2	37/2	0.5		5/8	5/8	Chord	4/4	1	2	1/8		1/8	1	72										
5	4	33/2	33/2	0.5		1/8	1/8	Chord	4/4	2	1	1/8		1/8	1	73										
5	4	35/2	35/2	0.5		3/8	3/8	Chord	4/4	2	1	1/8		1/8	1	74										
5	4	18	18	1.0		1/2	1/2	Chord	4/4	2	1	1/4		1/4	1	75										
5	4	19	19	0.5		3/4	3/4	Chord	4/4	2	1	1/8		1/8	1	76										
5	4	39/2	39/2	0.5		7/8	7/8	Chord	4/4	2	1	1/8		1/8	1	77										
5	4	16	16	1.0		0	0	Chord	4/4	2	2	1/4		1/4	1	78										
5	4	17	17	1.0		1/4	1/4	Chord	4/4	2	2	1/4		1/4	1	79										
5	4	18	18	2.0		1/2	1/2	Chord	4/4	2	2	1/2		1/2	1	80										
5	4	17	17	1.0		1/4	1/4	Chord	4/4	2	3	1/4		1/4	1	81										
6	5	20	20	1.0		0	0	Chord	4/4	1	1	1/4		1/4	1	82							14			
6	5	21	21	1.0		1/4	1/4	Chord	4/4	1	1	1/4		1/4	1	83							14			
6	5	22	22	1.0		1/2	1/2	Chord	4/4	1	1	1/4		1/4	1	84							14			
6	5	23	23	0.5		3/4	3/4	Chord	4/4	1	1	1/8		1/8	1	85							14			
6	5	47/2	47/2	0.5		7/8	7/8	Chord	4/4	1	1	1/8		1/8	1	86										
6	5	45/2	45/2	0.5		5/8	5/8	Chord	4/4	1	2	1/8		1/8	1	87										
6	5	41/2	41/2	0.5		1/8	1/8	Chord	4/4	2	1	1/8		1/8	1	88										
6	5	43/2	43/2	0.5		3/8	3/8	Chord	4/4	2	1	1/8		1/8	1	89										
6	5	22	22	1.0		1/2	1/2	Chord	4/4	2	1	1/4		1/4	1	90										
6	5	23	23	0.5		3/4	3/4	Chord	4/4	2	1	1/8		1/8	1	91										
6	5	47/2	47/2	0.5		7/8	7/8	Chord	4/4	2	1	1/8		1/8	1	92										
6	5	20	20	1.0		0	0	Chord	4/4	2	2	1/4		1/4	1	93										
6	5	21	21	1.0		1/4	1/4	Chord	4/4	2	2	1/4		1/4	1	94										
6	5	22	22	2.0		1/2	1/2	Chord	4/4	2	2	1/2		1/2	1	95										
6	5	20	20	1.0		0	0	Chord	4/4	2	3	1/4		1/4	1	96										
6	5	21	21	1.0		1/4	1/4	Chord	4/4	2	3	1/4		1/4	1	97										
7	6	24	24	0.0		0	0	StaffText	4/4	1	1	0							<i>en s`apaisant un peu</i>							
7	6	26	26	0.0		1/2	1/2	Spanner	4/4	1	1	0														0
7	6	53/2	53/2	0.5		5/8	5/8	Chord	4/4	1	1	1/8		1/8	1	98							15			0
7	6	27	27	0.5		3/4	3/4	Chord	4/4	1	1	1/8		1/8	1	99							15			0
7	6	55/2	55/2	0.5		7/8	7/8	Chord	4/4	1	1	1/8		1/8	1	100										0
7	6	24	24	0.0		0	0	Dynamic	4/4	2	1	0					f									
7	6	49/2	49/2	0.5		1/8	1/8	Chord	4/4	2	1	1/8		1/8	1	101							16			
7	6	25	25	0.5		1/4	1/4	Chord	4/4	2	1	1/8		1/8	1	102							16			
7	6	51/2	51/2	0.5		3/8	3/8	Chord	4/4	2	1	1/8		1/8	1	103										
7	6	26	26	1.0		1/2	1/2	Chord	4/4	2	1	1/4		1/4	1	104										
7	6	27	27	0.5		3/4	3/4	Chord	4/4	2	1	1/8		1/8	1	105							17			
7	6	55/2	55/2	0.5		7/8	7/8	Chord	4/4	2	1	1/8		1/8	1	106							17			
7	6	24	24	1.0		0	0	Chord	4/4	2	2	1/4		1/4	1	107							18			
7	6	25	25	0.5		1/4	1/4	Chord	4/4	2	2	1/8		1/8	1	108							18			
7	6	51/2	51/2	0.5		3/8	3/8	Chord	4/4	2	2	1/8		1/8	1	109							18			
8	7	57/2	57/2	0.5		1/8	1/8	Chord	4/4	1	1	1/8		1/8	1	110							19			0
8	7	29	29	0.5		1/4	1/4	Chord	4/4	1	1	1/8		1/8	1	111							19			0
8	7	59/2	59/2	0.5		3/8	3/8	Chord	4/4	1	1	1/8		1/8	1	112										0
8	7	61/2	61/2	0.5		5/8	5/8	Chord	4/4	1	1	1/8		1/8	1	113							20			0
8	7	31	31	0.5		3/4	3/4	Chord	4/4	1	1	1/8		1/8	1	114							20			0
8	7	63/2	63/2	0.0		7/8	7/8	Dynamic	4/4	1	1	0					p									
8	7	63/2	63/2	0.0		7/8	7/8	Spanner	4/4	1	1	0														
8	7	63/2	63/2	0.5		7/8	7/8	Chord	4/4	1	1	1/8		1/8	1	115										
8	7	28	28	1.0		0	0	Chord	4/4	2	1	1/4		1/4	1	116										
8	7	29	29	0.5		1/4	1/4	Chord	4/4	2	1	1/8		1/8	1	117							21			
8	7	59/2	59/2	0.5		3/8	3/8	Chord	4/4	2	1	1/8		1/8	1	118							21			
8	7	30	30	1.0		1/2	1/2	Chord	4/4	2	1	1/4		1/4	1	119										
8	7	31	31	0.5		3/4	3/4	Chord	4/4	2	1	1/8		1/8	1	120							22			
8	7	63/2	63/2	0.5		7/8	7/8	Chord	4/4	2	1	1/8		1/8	1	121										
9	8	32	32	0.0		0	0	Tempo	3/8	1	1	0								ùÖ†=ùÖ†	138.0	1.0				
9	8	32	32	0.0		0	0	StaffText	3/8	1	1	0							"<font size=""12""/><b> pr√©c√©dente</b>"							
9	8	32	32	0.0		0	0	StaffText	3/8	1	1	0							"<i><font size=""9""/>le chant en dehors</i>"							
9	8	32	32	1.5		0	0	Chord	3/8	1	1	3/8		1/4	3/2	122		articTenutoAbove								
9	8	33	33	0.0		1/4	1/4	Dynamic	3/8	1	1	0					mf									
9	8	32	32	0.5		0	0	Chord	3/8	1	2	1/8		1/8	1	123										
9	8	65/2	65/2	0.5		1/8	1/8	Chord	3/8	1	2	1/8		1/8	1	124										
9	8	33	33	0.5		1/4	1/4	Chord	3/8	1	2	1/8		1/8	1	125										
9	8	32	32	1.5		0	0	Chord	3/8	2	1	3/8		1/4	3/2	126										
10	9	67/2	67/2	1.5		0	0	Chord	3/8	1	1	3/8		1/4	3/2	127										
10	9	67/2	67/2	0.5		0	0	Chord	3/8	1	2	1/8		1/8	1	128										
10	9	34	34	0.25		1/8	1/8	Chord	3/8	1	2	1/16		1/16	1	129										
10	9	137/4	137/4	0.25		3/16	3/16	Chord	3/8	1	2	1/16		1/16	1	130										
10	9	69/2	69/2	0.5		1/4	1/4	Chord	3/8	1	2	1/8		1/8	1	131										
11	10	35	35	1.5		0	0	Chord	3/8	1	1	3/8		1/4	3/2	132		articTenutoAbove								
11	10	35	35	0.5		0	0	Chord	3/8	1	2	1/8		1/8	1	133										
11	10	71/2	71/2	0.5		1/8	1/8	Chord	3/8	1	2	1/8		1/8	1	134										
11	10	36	36	0.5		1/4	1/4	Chord	3/8	1	2	1/8		1/8	1	135										
11	10	35	35	1.5		0	0	Chord	3/8	2	1	3/8		1/4	3/2	136										
12	11	73/2	73/2	1.5		0	0	Chord	3/8	1	1	3/8		1/4	3/2	137										
12	11	73/2	73/2	0.5		0	0	Chord	3/8	1	2	1/8		1/8	1	138										
12	11	37	37	0.25		1/8	1/8	Chord	3/8	1	2	1/16		1/16	1	139										
12	11	149/4	149/4	0.25		3/16	3/16	Chord	3/8	1	2	1/16		1/16	1	140										
12	11	75/2	75/2	0.5		1/4	1/4	Chord	3/8	1	2	1/8		1/8	1	141										
13	12	38	38	0.5		0	0	Chord	3/8	1	1	1/8		1/8	1	142							23			
13	12	77/2	77/2	0.5		1/8	1/8	Chord	3/8	1	1	1/8		1/8	1	143							23			
13	12	39	39	0.5		1/4	1/4	Chord	3/8	1	1	1/8		1/8	1	144										
13	12	77/2	77/2	0.5		1/8	1/8	Chord	3/8	2	1	1/8		1/8	1	145							24			
13	12	39	39	0.5		1/4	1/4	Chord	3/8	2	1	1/8		1/8	1	146										
14	13	79/2	79/2	0.5		0	0	Chord	3/8	1	1	1/8		1/8	1	147							25			
14	13	40	40	0.5		1/8	1/8	Chord	3/8	1	1	1/8		1/8	1	148							25			
14	13	81/2	81/2	0.5		1/4	1/4	Chord	3/8	1	1	1/8		1/8	1	149										
14	13	79/2	79/2	0.5		0	0	Chord	3/8	2	1	1/8		1/8	1	150										
14	13	40	40	0.75		1/8	1/8	Chord	3/8	2	1	3/16		1/8	3/2	151										
15	14	41	41	0.5		0	0	Chord	3/8	1	1	1/8		1/8	1	152							26			
15	14	83/2	83/2	0.5		1/8	1/8	Chord	3/8	1	1	1/8		1/8	1	153							26			
15	14	42	42	0.5		1/4	1/4	Chord	3/8	1	1	1/8		1/8	1	154										
15	14	83/2	83/2	0.5		1/8	1/8	Chord	3/8	2	1	1/8		1/8	1	155							27			
15	14	42	42	0.5		1/4	1/4	Chord	3/8	2	1	1/8		1/8	1	156							27			
16	15	85/2	85/2	0.0		0	0	Chord	3/8	1	1	0	grace16	1/32	1	157										
16	15	85/2	85/2	0.0		0	0	Chord	3/8	1	1	0	grace16	1/32	1	158										
16	15	85/2	85/2	0.5		0	0	Chord	3/8	1	1	1/8		1/8	1	159							28			
16	15	43	43	0.5		1/8	1/8	Chord	3/8	1	1	1/8		1/8	1	160							28			
16	15	87/2	87/2	0.5		1/4	1/4	Chord	3/8	1	1	1/8		1/8	1	161										
16	15	85/2	85/2	0.5		0	0	Chord	3/8	2	1	1/8		1/8	1	162							27			
16	15	43	43	0.5		1/8	1/8	Chord	3/8	2	1	1/8		1/8	1	163							27			
16	15	87/2	87/2	0.5		1/4	1/4	Chord	3/8	2	1	1/8		1/8	1	164										
17	16	44	44	0.0		0	0	Dynamic	3/8	1	1	0					f									
17	16	44	44	1.5		0	0	Chord	3/8	1	1	3/8		1/4	3/2	165		articTenutoAbove								
17	16	44	44	0.5		0	0	Chord	3/8	1	2	1/8		1/8	1	166										
17	16	89/2	89/2	0.5		1/8	1/8	Chord	3/8	1	2	1/8		1/8	1	167										
17	16	45	45	0.5		1/4	1/4	Chord	3/8	1	2	1/8		1/8	1	168										
17	16	44	44	1.5		0	0	Chord	3/8	2	1	3/8		1/4	3/2	169										
18	17	91/2	91/2	1.5		0	0	Chord	3/8	1	1	3/8		1/4	3/2	170										
18	17	91/2	91/2	0.5		0	0	Chord	3/8	1	2	1/8		1/8	1	171										
18	17	46	46	0.25		1/8	1/8	Chord	3/8	1	2	1/16		1/16	1	172										
18	17	185/4	185/4	0.25		3/16	3/16	Chord	3/8	1	2	1/16		1/16	1	173										
18	17	93/2	93/2	0.5		1/4	1/4	Chord	3/8	1	2	1/8		1/8	1	174										
19	18	47	47	0.0		0	0	Dynamic	3/8	1	1	0					mf									
19	18	47	47	1.5		0	0	Chord	3/8	1	1	3/8		1/4	3/2	175		articTenutoAbove								
19	18	47	47	0.5		0	0	Chord	3/8	1	2	1/8		1/8	1	176										
19	18	95/2	95/2	0.5		1/8	1/8	Chord	3/8	1	2	1/8		1/8	1	177										
19	18	48	48	0.5		1/4	1/4	Chord	3/8	1	2	1/8		1/8	1	178										
19	18	47	47	1.5		0	0	Chord	3/8	2	1	3/8		1/4	3/2	179										
20	19	97/2	97/2	1.5		0	0	Chord	3/8	1	1	3/8		1/4	3/2	180										
20	19	97/2	97/2	0.5		0	0	Chord	3/8	1	2	1/8		1/8	1	181										
20	19	49	49	0.5		1/8	1/8	Chord	3/8	1	2	1/8		1/8	1	182										
20	19	99/2	99/2	0.5		1/4	1/4	Chord	3/8	1	2	1/8		1/8	1	183										
21	20	50	50	0.25		0	0	Chord	3/8	1	1	1/16		1/16	1	184							29			
21	20	201/4	201/4	0.0		1/16	1/16	Dynamic	3/8	1	1	0					p						29			
21	20	201/4	201/4	0.0		1/16	1/16	StaffText	3/8	1	1	0							<i>uniforme</i>				29			
21	20	201/4	201/4	0.25		1/16	1/16	Chord	3/8	1	1	1/16		1/16	1	185							29			
21	20	101/2	101/2	0.25		1/8	1/8	Chord	3/8	1	1	1/16		1/16	1	186							29			
21	20	203/4	203/4	0.25		3/16	3/16	Chord	3/8	1	1	1/16		1/16	1	187							29			
21	20	51	51	0.25		1/4	1/4	Chord	3/8	1	1	1/16		1/16	1	188							29			
21	20	205/4	205/4	0.25		5/16	5/16	Chord	3/8	1	1	1/16		1/16	1	189										
21	20	50	50	0.5		0	0	Chord	3/8	2	1	1/8		1/8	1	190							30			
21	20	101/2	101/2	0.5		1/8	1/8	Chord	3/8	2	1	1/8		1/8	1	191							30			
21	20	51	51	0.5		1/4	1/4	Chord	3/8	2	1	1/8		1/8	1	192										
22	21	103/2	103/2	0.25		0	0	Chord	3/8	1	1	1/16		1/16	1	193							31			
22	21	207/4	207/4	0.25		1/16	1/16	Chord	3/8	1	1	1/16		1/16	1	194							31			
22	21	52	52	0.25		1/8	1/8	Chord	3/8	1	1	1/16		1/16	1	195							31			
22	21	209/4	209/4	0.25		3/16	3/16	Chord	3/8	1	1	1/16		1/16	1	196							31			
22	21	105/2	105/2	0.25		1/4	1/4	Chord	3/8	1	1	1/16		1/16	1	197							31			
22	21	211/4	211/4	0.25		5/16	5/16	Chord	3/8	1	1	1/16		1/16	1	198										
22	21	103/2	103/2	0.5		0	0	Chord	3/8	2	1	1/8		1/8	1	199							32			
22	21	52	52	0.5		1/8	1/8	Chord	3/8	2	1	1/8		1/8	1	200							32			
22	21	105/2	105/2	0.5		1/4	1/4	Chord	3/8	2	1	1/8		1/8	1	201										
23	22	53	53	0.25		0	0	Chord	3/8	1	1	1/16		1/16	1	202							33			
23	22	213/4	213/4	0.25		1/16	1/16	Chord	3/8	1	1	1/16		1/16	1	203							33			
23	22	107/2	107/2	0.25		1/8	1/8	Chord	3/8	1	1	1/16		1/16	1	204							33			
23	22	215/4	215/4	0.25		3/16	3/16	Chord	3/8	1	1	1/16		1/16	1	205							33			
23	22	54	54	0.25		1/4	1/4	Chord	3/8	1	1	1/16		1/16	1	206							33			
23	22	217/4	217/4	0.25		5/16	5/16	Chord	3/8	1	1	1/16		1/16	1	207										
23	22	53	53	0.5		0	0	Chord	3/8	2	1	1/8		1/8	1	208							34			
23	22	107/2	107/2	0.5		1/8	1/8	Chord	3/8	2	1	1/8		1/8	1	209							34			
23	22	54	54	0.5		1/4	1/4	Chord	3/8	2	1	1/8		1/8	1	210										
24	23	109/2	109/2	0.25		0	0	Chord	3/8	1	1	1/16		1/16	1	211							35			
24	23	219/4	219/4	0.25		1/16	1/16	Chord	3/8	1	1	1/16		1/16	1	212							35			
24	23	55	55	0.25		1/8	1/8	Chord	3/8	1	1	1/16		1/16	1	213							35			
24	23	221/4	221/4	0.25		3/16	3/16	Chord	3/8	1	1	1/16		1/16	1	214							35			
24	23	111/2	111/2	0.25		1/4	1/4	Chord	3/8	1	1	1/16		1/16	1	215							35			
24	23	223/4	223/4	0.25		5/16	5/16	Chord	3/8	1	1	1/16		1/16	1	216										
24	23	109/2	109/2	0.5		0	0	Chord	3/8	2	1	1/8		1/8	1	217							36			
24	23	55	55	0.5		1/8	1/8	Chord	3/8	2	1	1/8		1/8	1	218							36			
24	23	111/2	111/2	0.5		1/4	1/4	Chord	3/8	2	1	1/8		1/8	1	219										
25	24	56	56	0.0		0	0	Dynamic	3/8	1	1	0					mf									
25	24	56	56	1.5		0	0	Chord	3/8	1	1	3/8		1/4	3/2	220		articTenutoAbove								
25	24	56	56	0.5		0	0	Chord	3/8	1	2	1/8		1/8	1	221										
25	24	113/2	113/2	0.5		1/8	1/8	Chord	3/8	1	2	1/8		1/8	1	222										
25	24	57	57	0.5		1/4	1/4	Chord	3/8	1	2	1/8		1/8	1	223										
25	24	56	56	1.5		0	0	Chord	3/8	2	1	3/8		1/4	3/2	224										
26	25	115/2	115/2	1.5		0	0	Chord	3/8	1	1	3/8		1/4	3/2	225										
26	25	115/2	115/2	0.5		0	0	Chord	3/8	1	2	1/8		1/8	1	226										
26	25	58	58	0.25		1/8	1/8	Chord	3/8	1	2	1/16		1/16	1	227										
26	25	233/4	233/4	0.25		3/16	3/16	Chord	3/8	1	2	1/16		1/16	1	228										
26	25	117/2	117/2	0.5		1/4	1/4	Chord	3/8	1	2	1/8		1/8	1	229										
27	26	59	59	0.0		0	0	Dynamic	3/8	1	1	0					p									
27	26	59	59	1.5		0	0	Chord	3/8	1	1	3/8		1/4	3/2	230		articTenutoAbove								
27	26	59	59	0.5		0	0	Chord	3/8	1	2	1/8		1/8	1	231										
27	26	119/2	119/2	0.5		1/8	1/8	Chord	3/8	1	2	1/8		1/8	1	232										
27	26	60	60	0.5		1/4	1/4	Chord	3/8	1	2	1/8		1/8	1	233										
27	26	59	59	1.5		0	0	Chord	3/8	2	1	3/8		1/4	3/2	234										
28	27	121/2	121/2	1.5		0	0	Chord	3/8	1	1	3/8		1/4	3/2	235										
28	27	121/2	121/2	0.5		0	0	Chord	3/8	1	2	1/8		1/8	1	236										
28	27	61	61	0.25		1/8	1/8	Chord	3/8	1	2	1/16		1/16	1	237										
28	27	245/4	245/4	0.25		3/16	3/16	Chord	3/8	1	2	1/16		1/16	1	238										
28	27	123/2	123/2	0.5		1/4	1/4	Chord	3/8	1	2	1/8		1/8	1	239										
29	28	62	62	0.0		0	0	Dynamic	3/8	1	1	0					mf									
29	28	62	62	0.0		0	0	StaffText	3/8	1	1	0							"<font size=""9""/><i>avec charme</i>"							
29	28	62	62	0.5		0	0	Chord	3/8	1	1	1/8		1/8	1	240							37			
29	28	125/2	125/2	0.5		1/8	1/8	Chord	3/8	1	1	1/8		1/8	1	241							37			
29	28	63	63	0.5		1/4	1/4	Chord	3/8	1	1	1/8		1/8	1	242							37			
29	28	62	62	0.5		0	0	Chord	3/8	2	1	1/8		1/8	1	243							38			
29	28	125/2	125/2	0.5		1/8	1/8	Chord	3/8	2	1	1/8		1/8	1	244							38			
29	28	63	63	0.5		1/4	1/4	Chord	3/8	2	1	1/8		1/8	1	245										
30	29	127/2	127/2	0.5		0	0	Chord	3/8	1	1	1/8		1/8	1	246							37			
30	29	64	64	0.5		1/8	1/8	Chord	3/8	1	1	1/8		1/8	1	247							37			
30	29	129/2	129/2	0.5		1/4	1/4	Chord	3/8	1	1	1/8		1/8	1	248							37			
30	29	127/2	127/2	0.5		0	0	Chord	3/8	1	2	1/8		1/8	1	249							39			
30	29	64	64	0.5		1/8	1/8	Chord	3/8	1	2	1/8		1/8	1	250							39			
30	29	129/2	129/2	0.5		1/4	1/4	Chord	3/8	1	2	1/8		1/8	1	251										
31	30	65	65	0.5		0	0	Chord	3/8	1	1	1/8		1/8	1	252							37			
31	30	131/2	131/2	0.5		1/8	1/8	Chord	3/8	1	1	1/8		1/8	1	253							37			
31	30	66	66	0.5		1/4	1/4	Chord	3/8	1	1	1/8		1/8	1	254							37			
31	30	65	65	0.5		0	0	Chord	3/8	1	2	1/8		1/8	1	255							40			
31	30	131/2	131/2	0.5		1/8	1/8	Chord	3/8	1	2	1/8		1/8	1	256							40			
31	30	66	66	0.5		1/4	1/4	Chord	3/8	1	2	1/8		1/8	1	257										
32	31	133/2	133/2	0.0		0	0	Chord	3/8	1	1	0	grace16after	1/32	1	258							37			
32	31	133/2	133/2	0.0		0	0	Chord	3/8	1	1	0	grace16after	1/32	1	259							37, 41			
32	31	133/2	133/2	0.5		0	0	Chord	3/8	1	1	1/8		1/8	1	260							37, 41			
32	31	67	67	0.5		1/8	1/8	Chord	3/8	1	1	1/8		1/8	1	261							37			
32	31	135/2	135/2	0.5		1/4	1/4	Chord	3/8	1	1	1/8		1/8	1	262										
32	31	133/2	133/2	0.5		0	0	Chord	3/8	2	1	1/8		1/8	1	263							42			
32	31	67	67	0.5		1/8	1/8	Chord	3/8	2	1	1/8		1/8	1	264							42			
32	31	135/2	135/2	0.5		1/4	1/4	Chord	3/8	2	1	1/8		1/8	1	265										
33	32	68	68	0.5		0	0	Chord	3/8	1	1	1/8		1/8	1	266							43			
33	32	137/2	137/2	0.5		1/8	1/8	Chord	3/8	1	1	1/8		1/8	1	267							43			
33	32	69	69	0.5		1/4	1/4	Chord	3/8	1	1	1/8		1/8	1	268										
33	32	68	68	0.5		0	0	Chord	3/8	2	1	1/8		1/8	1	269							44			
33	32	137/2	137/2	0.5		1/8	1/8	Chord	3/8	2	1	1/8		1/8	1	270							44			
33	32	69	69	0.5		1/4	1/4	Chord	3/8	2	1	1/8		1/8	1	271										
34	33	139/2	139/2	0.0		0	0	Chord	3/8	1	1	0	grace32	1/32	1	272										
34	33	139/2	139/2	0.0		0	0	Chord	3/8	1	1	0	grace32	1/32	1	273										
34	33	139/2	139/2	0.5		0	0	Chord	3/8	1	1	1/8		1/8	1	274							45			
34	33	70	70	0.5		1/8	1/8	Chord	3/8	1	1	1/8		1/8	1	275							45			
34	33	141/2	141/2	0.5		1/4	1/4	Chord	3/8	1	1	1/8		1/8	1	276							45			
34	33	139/2	139/2	0.5		0	0	Chord	3/8	1	2	1/8		1/8	1	277							46			
34	33	70	70	0.5		1/8	1/8	Chord	3/8	1	2	1/8		1/8	1	278							46			
34	33	141/2	141/2	0.5		1/4	1/4	Chord	3/8	1	2	1/8		1/8	1	279										
35	34	71	71	0.5		0	0	Chord	3/8	1	1	1/8		1/8	1	280							45			
35	34	143/2	143/2	0.5		1/8	1/8	Chord	3/8	1	1	1/8		1/8	1	281							45			
35	34	72	72	0.5		1/4	1/4	Chord	3/8	1	1	1/8		1/8	1	282							45			
35	34	71	71	0.5		0	0	Chord	3/8	1	2	1/8		1/8	1	283							47			
35	34	143/2	143/2	0.5		1/8	1/8	Chord	3/8	1	2	1/8		1/8	1	284							47			
35	34	72	72	0.5		1/4	1/4	Chord	3/8	1	2	1/8		1/8	1	285										
36	35	145/2	145/2	0.5		0	0	Chord	3/8	1	1	1/8		1/8	1	286							45			
36	35	73	73	0.0		1/8	1/8	Chord	3/8	1	1	0	grace32	1/32	1	287							45			
36	35	73	73	0.0		1/8	1/8	Chord	3/8	1	1	0	grace32	1/32	1	288							45			
36	35	73	73	0.5		1/8	1/8	Chord	3/8	1	1	1/8		1/8	1	289							45			
36	35	147/2	147/2	0.5		1/4	1/4	Chord	3/8	1	1	1/8		1/8	1	290							45			
36	35	145/2	145/2	0.5		0	0	Chord	3/8	2	1	1/8		1/8	1	291							48			
36	35	73	73	0.5		1/8	1/8	Chord	3/8	2	1	1/8		1/8	1	292							48			
36	35	147/2	147/2	0.5		1/4	1/4	Chord	3/8	2	1	1/8		1/8	1	293										
37	36	74	74	0.5		0	0	Chord	3/8	1	1	1/8		1/8	1	294							45			
37	36	149/2	149/2	0.5		1/8	1/8	Chord	3/8	1	1	1/8		1/8	1	295							45			
37	36	75	75	0.5		1/4	1/4	Chord	3/8	1	1	1/8		1/8	1	296										
37	36	74	74	0.5		0	0	Chord	3/8	2	1	1/8		1/8	1	297							49			
37	36	149/2	149/2	0.5		1/8	1/8	Chord	3/8	2	1	1/8		1/8	1	298							49			
37	36	75	75	0.5		1/4	1/4	Chord	3/8	2	1	1/8		1/8	1	299										
38	37	151/2	151/2	0.0		0	0	Dynamic	4/4	1	1	0					f									
38	37	151/2	151/2	0.0		0	0	Tempo	4/4	1	1	0								aTempo	138.0	1.0				
38	37	151/2	151/2	0.0		0	0	StaffText	4/4	1	1	0							"<b><font size=""12""/>          pr√©c√©dente</b>"							
38	37	151/2	151/2	0.0		0	0	StaffText	4/4	1	1	0							ùÖ† = ùÖ†							
38	37	151/2	151/2	1.0		0	0	Chord	4/4	1	1	1/4		1/4	1	300										
38	37	153/2	153/2	0.75		1/4	1/4	Chord	4/4	1	1	3/16		1/8	3/2	301										
38	37	309/4	309/4	0.25		7/16	7/16	Chord	4/4	1	1	1/16		1/16	1	302							50			
38	37	155/2	155/2	0.25		1/2	1/2	Chord	4/4	1	1	1/16		1/16	1	303							50			
38	37	311/4	311/4	0.25		9/16	9/16	Chord	4/4	1	1	1/16		1/16	1	304							50			
38	37	78	78	0.25		5/8	5/8	Chord	4/4	1	1	1/16		1/16	1	305							50			
38	37	313/4	313/4	0.25		11/16	11/16	Chord	4/4	1	1	1/16		1/16	1	306							50			
38	37	157/2	157/2	0.5		3/4	3/4	Chord	4/4	1	1	1/8		1/8	1	307										
38	37	79	79	0.25		7/8	7/8	Chord	4/4	1	1	1/16		1/16	1	308							51			
38	37	317/4	317/4	0.25		15/16	15/16	Chord	4/4	1	1	1/16		1/16	1	309							51			
38	37	76	76	0.5		1/8	1/8	Chord	4/4	1	2	1/8		1/8	1	310										
38	37	77	77	0.5		3/8	3/8	Chord	4/4	1	2	1/8		1/8	1	311										
38	37	151/2	151/2	1.0		0	0	Chord	4/4	2	1	1/4		1/4	1	312										
38	37	153/2	153/2	1.0		1/4	1/4	Chord	4/4	2	1	1/4		1/4	1	313										
38	37	155/2	155/2	1.0		1/2	1/2	Chord	4/4	2	1	1/4		1/4	1	314										
38	37	79	79	0.5		7/8	7/8	Chord	4/4	2	1	1/8		1/8	1	315										
38	37	157/2	157/2	1.0		3/4	3/4	Chord	4/4	2	2	1/4		1/4	1	316										
39	38	159/2	159/2	0.5		0	0	Chord	4/4	1	1	1/8		1/8	1	317										
39	38	80	80	0.25		1/8	1/8	Chord	4/4	1	1	1/16		1/16	1	318							52			
39	38	321/4	321/4	0.25		3/16	3/16	Chord	4/4	1	1	1/16		1/16	1	319							52			
39	38	161/2	161/2	0.5		1/4	1/4	Chord	4/4	1	1	1/8		1/8	1	320										
39	38	81	81	0.25		3/8	3/8	Chord	4/4	1	1	1/16		1/16	1	321							53			
39	38	325/4	325/4	0.25		7/16	7/16	Chord	4/4	1	1	1/16		1/16	1	322							53			
39	38	163/2	163/2	0.25		1/2	1/2	Chord	4/4	1	1	1/16		1/16	1	323							53			
39	38	327/4	327/4	0.25		9/16	9/16	Chord	4/4	1	1	1/16		1/16	1	324							53			
39	38	82	82	0.25		5/8	5/8	Chord	4/4	1	1	1/16		1/16	1	325							53			
39	38	329/4	329/4	0.25		11/16	11/16	Chord	4/4	1	1	1/16		1/16	1	326							53			
39	38	165/2	165/2	0.25		3/4	3/4	Chord	4/4	1	1	1/16		1/16	1	327										
39	38	331/4	331/4	0.25		13/16	13/16	Chord	4/4	1	1	1/16		1/16	1	328							54			
39	38	83	83	0.25		7/8	7/8	Chord	4/4	1	1	1/16		1/16	1	329							54			
39	38	333/4	333/4	0.25		15/16	15/16	Chord	4/4	1	1	1/16		1/16	1	330										
39	38	80	80	0.5		1/8	1/8	Chord	4/4	2	1	1/8		1/8	1	331										
39	38	81	81	0.5		3/8	3/8	Chord	4/4	2	1	1/8		1/8	1	332							55			
39	38	159/2	159/2	4.0		0	0	Chord	4/4	2	2	1		1	1	333										
40	39	167/2	167/2	1.0		0	0	Chord	7/4	1	1	1/4		1/4	1	334										
40	39	169/2	169/2	0.75		1/4	1/4	Chord	7/4	1	1	3/16		1/8	3/2	335										
40	39	341/4	341/4	0.25		7/16	7/16	Chord	7/4	1	1	1/16		1/16	1	336							56			
40	39	171/2	171/2	0.25		1/2	1/2	Chord	7/4	1	1	1/16		1/16	1	337							56			
40	39	343/4	343/4	0.25		9/16	9/16	Chord	7/4	1	1	1/16		1/16	1	338							56			
40	39	86	86	0.25		5/8	5/8	Chord	7/4	1	1	1/16		1/16	1	339							56			
40	39	345/4	345/4	0.25		11/16	11/16	Chord	7/4	1	1	1/16		1/16	1	340							56			
40	39	173/2	173/2	0.5		3/4	3/4	Chord	7/4	1	1	1/8		1/8	1	341										
40	39	87	87	0.25		7/8	7/8	Chord	7/4	1	1	1/16		1/16	1	342							57			
40	39	349/4	349/4	0.25		15/16	15/16	Chord	7/4	1	1	1/16		1/16	1	343							57			
40	39	175/2	175/2	0.5		1	1	Chord	7/4	1	1	1/8		1/8	1	344										
40	39	88	88	0.25		9/8	9/8	Chord	7/4	1	1	1/16		1/16	1	345							58			
40	39	353/4	353/4	0.25		19/16	19/16	Chord	7/4	1	1	1/16		1/16	1	346							58			
40	39	177/2	177/2	0.5		5/4	5/4	Chord	7/4	1	1	1/8		1/8	1	347										
40	39	89	89	0.25		11/8	11/8	Chord	7/4	1	1	1/16		1/16	1	348							59			
40	39	357/4	357/4	0.25		23/16	23/16	Chord	7/4	1	1	1/16		1/16	1	349							59			
40	39	179/2	179/2	0.25		3/2	3/2	Chord	7/4	1	1	1/16		1/16	1	350							59			
40	39	359/4	359/4	0.25		25/16	25/16	Chord	7/4	1	1	1/16		1/16	1	351							59			
40	39	90	90	0.25		13/8	13/8	Chord	7/4	1	1	1/16		1/16	1	352							59			
40	39	361/4	361/4	0.25		27/16	27/16	Chord	7/4	1	1	1/16		1/16	1	353										
40	39	84	84	0.5		1/8	1/8	Chord	7/4	1	2	1/8		1/8	1	354										
40	39	85	85	0.5		3/8	3/8	Chord	7/4	1	2	1/8		1/8	1	355										
40	39	167/2	167/2	1.0		0	0	Chord	7/4	2	1	1/4		1/4	1	356										
40	39	169/2	169/2	1.0		1/4	1/4	Chord	7/4	2	1	1/4		1/4	1	357										
40	39	171/2	171/2	1.0		1/2	1/2	Chord	7/4	2	1	1/4		1/4	1	358										
40	39	87	87	0.5		7/8	7/8	Chord	7/4	2	1	1/8		1/8	1	359										
40	39	88	88	0.5		9/8	9/8	Chord	7/4	2	1	1/8		1/8	1	360										
40	39	89	89	0.5		11/8	11/8	Chord	7/4	2	1	1/8		1/8	1	361							60			
40	39	173/2	173/2	4.0		3/4	3/4	Chord	7/4	2	2	1		1	1	362										
41	40	181/2	181/2	0.0		0	0	Tempo	4/4	1	1	0								Unpeumoinsvite	114.0	1.0				
41	40	181/2	181/2	0.0		0	0	Dynamic	4/4	1	1	0					pp									
41	40	181/2	181/2	0.0		0	0	StaffText	4/4	1	1	0							<i>gris</i>							
41	40	181/2	181/2	1.0		0	0	Chord	4/4	1	1	1/4		1/4	1	363							61			
41	40	183/2	183/2	1.0		1/4	1/4	Chord	4/4	1	1	1/4		1/4	1	364							61			
41	40	185/2	185/2	1.5		1/2	1/2	Chord	4/4	1	1	3/8		1/4	3/2	365							61			
41	40	94	94	0.5		7/8	7/8	Chord	4/4	1	1	1/8		1/8	1	366							61			
41	40	181/2	181/2	0.0		0	0	StaffText	4/4	2	1	0							<i>les deux p√®dales</i>							
41	40	181/2	181/2	0.5		0	0	Chord	4/4	2	1	1/8		1/8	1	367							62			
41	40	91	91	0.5		1/8	1/8	Chord	4/4	2	1	1/8		1/8	1	368							62			
41	40	183/2	183/2	0.5		1/4	1/4	Chord	4/4	2	1	1/8		1/8	1	369							62			
41	40	92	92	0.5		3/8	3/8	Chord	4/4	2	1	1/8		1/8	1	370										
41	40	185/2	185/2	0.5		1/2	1/2	Chord	4/4	2	1	1/8		1/8	1	371							63			
41	40	93	93	0.5		5/8	5/8	Chord	4/4	2	1	1/8		1/8	1	372							63			
41	40	187/2	187/2	0.5		3/4	3/4	Chord	4/4	2	1	1/8		1/8	1	373							63			
41	40	94	94	0.5		7/8	7/8	Chord	4/4	2	1	1/8		1/8	1	374										
42	41	189/2	189/2	0.5		0	0	Chord	4/4	1	1	1/8		1/8	1	375							61			
42	41	95	95	0.5		1/8	1/8	Chord	4/4	1	1	1/8		1/8	1	376							61			
42	41	191/2	191/2	0.5		1/4	1/4	Chord	4/4	1	1	1/8		1/8	1	377							61			
42	41	96	96	0.5		3/8	3/8	Chord	4/4	1	1	1/8		1/8	1	378							61			
42	41	193/2	193/2	1.5		1/2	1/2	Chord	4/4	1	1	3/8		1/4	3/2	379										
42	41	98	98	0.5		7/8	7/8	Chord	4/4	1	1	1/8		1/8	1	380							64			
42	41	189/2	189/2	0.5		0	0	Chord	4/4	2	1	1/8		1/8	1	381							65			
42	41	95	95	0.5		1/8	1/8	Chord	4/4	2	1	1/8		1/8	1	382							65			
42	41	191/2	191/2	0.5		1/4	1/4	Chord	4/4	2	1	1/8		1/8	1	383							65			
42	41	96	96	0.5		3/8	3/8	Chord	4/4	2	1	1/8		1/8	1	384										
42	41	193/2	193/2	0.5		1/2	1/2	Chord	4/4	2	1	1/8		1/8	1	385							66			
42	41	97	97	0.5		5/8	5/8	Chord	4/4	2	1	1/8		1/8	1	386							66			
42	41	195/2	195/2	0.5		3/4	3/4	Chord	4/4	2	1	1/8		1/8	1	387							66			
42	41	98	98	0.5		7/8	7/8	Chord	4/4	2	1	1/8		1/8	1	388										
43	42	197/2	197/2	0.5		0	0	Chord	4/4	1	1	1/8		1/8	1	389							64			
43	42	99	99	0.5		1/8	1/8	Chord	4/4	1	1	1/8		1/8	1	390							64			
43	42	199/2	199/2	0.5		1/4	1/4	Chord	4/4	1	1	1/8		1/8	1	391							64			
43	42	100	100	0.0		3/8	3/8	Chord	4/4	1	1	0	grace16after	1/32	1	392							64			
43	42	100	100	0.0		3/8	3/8	Chord	4/4	1	1	0	grace16after	1/32	1	393							64, 67			
43	42	100	100	0.5		3/8	3/8	Chord	4/4	1	1	1/8		1/8	1	394							64, 67			
43	42	201/2	201/2	0.25		1/2	1/2	Chord	4/4	1	1	1/16		1/16	1	395							64			
43	42	403/4	403/4	0.25		9/16	9/16	Chord	4/4	1	1	1/16		1/16	1	396							64			
43	42	101	101	0.25		5/8	5/8	Chord	4/4	1	1	1/16		1/16	1	397							64			
43	42	405/4	405/4	0.25		11/16	11/16	Chord	4/4	1	1	1/16		1/16	1	398							64			
43	42	203/2	203/2	0.5		3/4	3/4	Chord	4/4	1	1	1/8		1/8	1	399										
43	42	102	102	0.5		7/8	7/8	Chord	4/4	1	1	1/8		1/8	1	400										
43	42	197/2	197/2	0.5		0	0	Chord	4/4	2	1	1/8		1/8	1	401							68			
43	42	99	99	0.5		1/8	1/8	Chord	4/4	2	1	1/8		1/8	1	402							68			
43	42	199/2	199/2	0.5		1/4	1/4	Chord	4/4	2	1	1/8		1/8	1	403							68			
43	42	100	100	0.5		3/8	3/8	Chord	4/4	2	1	1/8		1/8	1	404										
43	42	201/2	201/2	0.5		1/2	1/2	Chord	4/4	2	1	1/8		1/8	1	405							69			
43	42	101	101	0.5		5/8	5/8	Chord	4/4	2	1	1/8		1/8	1	406							69			
43	42	203/2	203/2	0.5		3/4	3/4	Chord	4/4	2	1	1/8		1/8	1	407							69			
43	42	102	102	0.5		7/8	7/8	Chord	4/4	2	1	1/8		1/8	1	408										
44	43	205/2	205/2	1.0		0	0	Chord	4/4	1	1	1/4		1/4	1	409							70			
44	43	207/2	207/2	1.0		1/4	1/4	Chord	4/4	1	1	1/4		1/4	1	410							70			
44	43	209/2	209/2	1.5		1/2	1/2	Chord	4/4	1	1	3/8		1/4	3/2	411							70			
44	43	106	106	0.5		7/8	7/8	Chord	4/4	1	1	1/8		1/8	1	412							70			
44	43	205/2	205/2	0.5		0	0	Chord	4/4	2	1	1/8		1/8	1	413							71			
44	43	103	103	0.5		1/8	1/8	Chord	4/4	2	1	1/8		1/8	1	414							71			
44	43	207/2	207/2	0.5		1/4	1/4	Chord	4/4	2	1	1/8		1/8	1	415							71			
44	43	104	104	0.5		3/8	3/8	Chord	4/4	2	1	1/8		1/8	1	416										
44	43	209/2	209/2	0.5		1/2	1/2	Chord	4/4	2	1	1/8		1/8	1	417							72			
44	43	105	105	0.5		5/8	5/8	Chord	4/4	2	1	1/8		1/8	1	418							72			
44	43	211/2	211/2	0.5		3/4	3/4	Chord	4/4	2	1	1/8		1/8	1	419							72			
44	43	106	106	0.5		7/8	7/8	Chord	4/4	2	1	1/8		1/8	1	420										
45	44	213/2	213/2	0.5		0	0	Chord	4/4	1	1	1/8		1/8	1	421							70			
45	44	107	107	0.5		1/8	1/8	Chord	4/4	1	1	1/8		1/8	1	422							70			
45	44	215/2	215/2	0.5		1/4	1/4	Chord	4/4	1	1	1/8		1/8	1	423							70			
45	44	108	108	0.5		3/8	3/8	Chord	4/4	1	1	1/8		1/8	1	424							70			
45	44	217/2	217/2	2.0		1/2	1/2	Chord	4/4	1	1	1/2		1/2	1	425										
45	44	213/2	213/2	0.5		0	0	Chord	4/4	2	1	1/8		1/8	1	426							73			
45	44	107	107	0.5		1/8	1/8	Chord	4/4	2	1	1/8		1/8	1	427							73			
45	44	215/2	215/2	0.5		1/4	1/4	Chord	4/4	2	1	1/8		1/8	1	428							73			
45	44	108	108	0.5		3/8	3/8	Chord	4/4	2	1	1/8		1/8	1	429										
45	44	217/2	217/2	0.5		1/2	1/2	Chord	4/4	2	1	1/8		1/8	1	430							74			
45	44	109	109	0.5		5/8	5/8	Chord	4/4	2	1	1/8		1/8	1	431							74			
45	44	219/2	219/2	0.5		3/4	3/4	Chord	4/4	2	1	1/8		1/8	1	432							74			
45	44	110	110	0.5		7/8	7/8	Chord	4/4	2	1	1/8		1/8	1	433										
46	45	223/2	223/2	0.0		1/4	1/4	Spanner	4/4	1	1	0												0		
46	45	223/2	223/2	3.0		1/4	1/4	Chord	4/4	1	1	3/4		1/2	3/2	434		articTenutoBelow						0		
46	45	221/2	221/2	0.5		0	0	Chord	4/4	2	1	1/8		1/8	1	435							75			
46	45	111	111	0.5		1/8	1/8	Chord	4/4	2	1	1/8		1/8	1	436							75			
46	45	223/2	223/2	0.5		1/4	1/4	Chord	4/4	2	1	1/8		1/8	1	437							75			
46	45	112	112	0.5		3/8	3/8	Chord	4/4	2	1	1/8		1/8	1	438										
46	45	225/2	225/2	0.5		1/2	1/2	Chord	4/4	2	1	1/8		1/8	1	439							76			
46	45	113	113	0.5		5/8	5/8	Chord	4/4	2	1	1/8		1/8	1	440							76			
46	45	227/2	227/2	0.5		3/4	3/4	Chord	4/4	2	1	1/8		1/8	1	441							76			
46	45	114	114	0.5		7/8	7/8	Chord	4/4	2	1	1/8		1/8	1	442										
47	46	229/2	229/2	0.0		0	0	Spanner	4/4	1	1	0														
47	46	231/2	231/2	0.0		1/4	1/4	Spanner	4/4	1	1	0												1		
47	46	231/2	231/2	3.0		1/4	1/4	Chord	4/4	1	1	3/4		1/2	3/2	443								1		
47	46	229/2	229/2	0.5		0	0	Chord	4/4	2	1	1/8		1/8	1	444							77			
47	46	115	115	0.5		1/8	1/8	Chord	4/4	2	1	1/8		1/8	1	445							77			
47	46	231/2	231/2	0.5		1/4	1/4	Chord	4/4	2	1	1/8		1/8	1	446							77			
47	46	116	116	0.5		3/8	3/8	Chord	4/4	2	1	1/8		1/8	1	447										
47	46	233/2	233/2	0.5		1/2	1/2	Chord	4/4	2	1	1/8		1/8	1	448							78			
47	46	117	117	0.5		5/8	5/8	Chord	4/4	2	1	1/8		1/8	1	449							78			
47	46	235/2	235/2	0.5		3/4	3/4	Chord	4/4	2	1	1/8		1/8	1	450							78			
47	46	118	118	0.5		7/8	7/8	Chord	4/4	2	1	1/8		1/8	1	451										
48	47	237/2	237/2	0.0		0	0	StaffText	4/4	1	1	0							<i>flou</i>							
48	47	237/2	237/2	0.0		0	0	Spanner	4/4	1	1	0														
48	47	237/2	237/2	1.0		0	0	Chord	4/4	1	1	1/4		1/4	1	452							79			
48	47	119	119	0.0		1/8	1/8	Dynamic	4/4	1	1	0					p						79			
48	47	239/2	239/2	1.0		1/4	1/4	Chord	4/4	1	1	1/4		1/4	1	453							79			
48	47	241/2	241/2	1.5		1/2	1/2	Chord	4/4	1	1	3/8		1/4	3/2	454							79			
48	47	122	122	0.5		7/8	7/8	Chord	4/4	1	1	1/8		1/8	1	455							79			
48	47	119	119	0.5		1/8	1/8	Chord	4/4	1	2	1/8		1/8	1	456										
48	47	120	120	0.5		3/8	3/8	Chord	4/4	1	2	1/8		1/8	1	457										
48	47	121	121	0.5		5/8	5/8	Chord	4/4	1	2	1/8		1/8	1	458										
48	47	237/2	237/2	0.0		0	0	StaffText	4/4	2	1	0							<i>les deux p√®dales</i>							
48	47	237/2	237/2	1.0		0	0	Chord	4/4	2	1	1/4		1/4	1	459										
48	47	239/2	239/2	1.0		1/4	1/4	Chord	4/4	2	1	1/4		1/4	1	460										
48	47	241/2	241/2	1.0		1/2	1/2	Chord	4/4	2	1	1/4		1/4	1	461										
48	47	243/2	243/2	1.0		3/4	3/4	Chord	4/4	2	1	1/4		1/4	1	462										
49	48	245/2	245/2	0.5		0	0	Chord	4/4	1	1	1/8		1/8	1	463							79			
49	48	123	123	0.5		1/8	1/8	Chord	4/4	1	1	1/8		1/8	1	464							79			
49	48	247/2	247/2	0.5		1/4	1/4	Chord	4/4	1	1	1/8		1/8	1	465							79			
49	48	124	124	0.5		3/8	3/8	Chord	4/4	1	1	1/8		1/8	1	466							79			
49	48	249/2	249/2	1.5		1/2	1/2	Chord	4/4	1	1	3/8		1/4	3/2	467							79			
49	48	126	126	0.5		7/8	7/8	Chord	4/4	1	1	1/8		1/8	1	468							80			
49	48	125	125	0.5		5/8	5/8	Chord	4/4	1	2	1/8		1/8	1	469										
49	48	245/2	245/2	1.0		0	0	Chord	4/4	2	1	1/4		1/4	1	470										
49	48	247/2	247/2	1.0		1/4	1/4	Chord	4/4	2	1	1/4		1/4	1	471										
49	48	249/2	249/2	1.0		1/2	1/2	Chord	4/4	2	1	1/4		1/4	1	472										
49	48	251/2	251/2	1.0		3/4	3/4	Chord	4/4	2	1	1/4		1/4	1	473										
50	49	253/2	253/2	0.5		0	0	Chord	4/4	1	1	1/8		1/8	1	474							80			
50	49	127	127	0.5		1/8	1/8	Chord	4/4	1	1	1/8		1/8	1	475							80			
50	49	255/2	255/2	0.5		1/4	1/4	Chord	4/4	1	1	1/8		1/8	1	476							80			
50	49	128	128	0.0		3/8	3/8	Chord	4/4	1	1	0	grace16after	1/32	1	477							80			
50	49	128	128	0.0		3/8	3/8	Chord	4/4	1	1	0	grace16after	1/32	1	478							80, 81			
50	49	128	128	0.5		3/8	3/8	Chord	4/4	1	1	1/8		1/8	1	479							80, 81			
50	49	257/2	257/2	0.25		1/2	1/2	Chord	4/4	1	1	1/16		1/16	1	480							80			
50	49	515/4	515/4	0.25		9/16	9/16	Chord	4/4	1	1	1/16		1/16	1	481							80			
50	49	129	129	0.25		5/8	5/8	Chord	4/4	1	1	1/16		1/16	1	482							80			
50	49	517/4	517/4	0.25		11/16	11/16	Chord	4/4	1	1	1/16		1/16	1	483							80			
50	49	259/2	259/2	0.5		3/4	3/4	Chord	4/4	1	1	1/8		1/8	1	484										
50	49	130	130	0.5		7/8	7/8	Chord	4/4	1	1	1/8		1/8	1	485							82			
50	49	253/2	253/2	0.5		0	0	Chord	4/4	2	1	1/8		1/8	1	486										
50	49	127	127	0.5		1/8	1/8	Chord	4/4	2	1	1/8		1/8	1	487										
50	49	255/2	255/2	0.5		1/4	1/4	Chord	4/4	2	1	1/8		1/8	1	488										
50	49	128	128	0.5		3/8	3/8	Chord	4/4	2	1	1/8		1/8	1	489										
50	49	257/2	257/2	0.5		1/2	1/2	Chord	4/4	2	1	1/8		1/8	1	490										
50	49	129	129	0.5		5/8	5/8	Chord	4/4	2	1	1/8		1/8	1	491										
50	49	259/2	259/2	0.5		3/4	3/4	Chord	4/4	2	1	1/8		1/8	1	492										
50	49	130	130	0.5		7/8	7/8	Chord	4/4	2	1	1/8		1/8	1	493										
50	49	253/2	253/2	1.0		0	0	Chord	4/4	2	2	1/4		1/4	1	494										
50	49	255/2	255/2	1.0		1/4	1/4	Chord	4/4	2	2	1/4		1/4	1	495										
50	49	257/2	257/2	1.0		1/2	1/2	Chord	4/4	2	2	1/4		1/4	1	496										
50	49	259/2	259/2	1.0		3/4	3/4	Chord	4/4	2	2	1/4		1/4	1	497										
51	50	261/2	261/2	0.5		0	0	Chord	4/4	1	1	1/8		1/8	1	498							82			
51	50	131	131	0.5		1/8	1/8	Chord	4/4	1	1	1/8		1/8	1	499							82			
51	50	263/2	263/2	0.5		1/4	1/4	Chord	4/4	1	1	1/8		1/8	1	500							82			
51	50	132	132	0.0		3/8	3/8	Chord	4/4	1	1	0	grace16after	1/32	1	501							82			
51	50	132	132	0.0		3/8	3/8	Chord	4/4	1	1	0	grace16after	1/32	1	502							82, 83			
51	50	132	132	0.5		3/8	3/8	Chord	4/4	1	1	1/8		1/8	1	503							82, 83			
51	50	265/2	265/2	0.25		1/2	1/2	Chord	4/4	1	1	1/16		1/16	1	504							82			
51	50	531/4	531/4	0.25		9/16	9/16	Chord	4/4	1	1	1/16		1/16	1	505							82			
51	50	133	133	0.25		5/8	5/8	Chord	4/4	1	1	1/16		1/16	1	506							82			
51	50	533/4	533/4	0.25		11/16	11/16	Chord	4/4	1	1	1/16		1/16	1	507							82			
51	50	267/2	267/2	1.0		3/4	3/4	Chord	4/4	1	1	1/4		1/4	1	508										
51	50	261/2	261/2	0.5		0	0	Chord	4/4	2	1	1/8		1/8	1	509										
51	50	131	131	0.5		1/8	1/8	Chord	4/4	2	1	1/8		1/8	1	510										
51	50	263/2	263/2	0.5		1/4	1/4	Chord	4/4	2	1	1/8		1/8	1	511										
51	50	132	132	0.5		3/8	3/8	Chord	4/4	2	1	1/8		1/8	1	512										
51	50	265/2	265/2	0.5		1/2	1/2	Chord	4/4	2	1	1/8		1/8	1	513										
51	50	133	133	0.5		5/8	5/8	Chord	4/4	2	1	1/8		1/8	1	514										
51	50	267/2	267/2	0.5		3/4	3/4	Chord	4/4	2	1	1/8		1/8	1	515										
51	50	134	134	0.5		7/8	7/8	Chord	4/4	2	1	1/8		1/8	1	516										
51	50	261/2	261/2	1.0		0	0	Chord	4/4	2	2	1/4		1/4	1	517										
51	50	263/2	263/2	1.0		1/4	1/4	Chord	4/4	2	2	1/4		1/4	1	518										
51	50	265/2	265/2	1.0		1/2	1/2	Chord	4/4	2	2	1/4		1/4	1	519										
51	50	267/2	267/2	1.0		3/4	3/4	Chord	4/4	2	2	1/4		1/4	1	520										
52	51	269/2	269/2	0.0		0	0	StaffText	4/4	1	1	0							<i>en dehors</i>							
52	51	269/2	269/2	0.0		0	0	StaffText	4/4	1	1	0							<i>croisez</i>							
52	51	269/2	269/2	0.0		0	0	Dynamic	4/4	1	1	0					f									
52	51	269/2	269/2	1.0		0	0	Chord	4/4	1	1	1/4		1/4	1	521		articTenutoAbove								
52	51	271/2	271/2	1.0		1/4	1/4	Chord	4/4	1	1	1/4		1/4	1	522		articTenutoAbove								
52	51	273/2	273/2	0.5		1/2	1/2	Chord	4/4	1	1	1/8		1/8	1	523							84			
52	51	137	137	0.5		5/8	5/8	Chord	4/4	1	1	1/8		1/8	1	524							84			
52	51	275/2	275/2	0.5		3/4	3/4	Chord	4/4	1	1	1/8		1/8	1	525							84			
52	51	138	138	0.5		7/8	7/8	Chord	4/4	1	1	1/8		1/8	1	526										
52	51	269/2	269/2	0.5		0	0	Chord	4/4	2	1	1/8		1/8	1	527										
52	51	135	135	0.5		1/8	1/8	Chord	4/4	2	1	1/8		1/8	1	528										
52	51	271/2	271/2	0.5		1/4	1/4	Chord	4/4	2	1	1/8		1/8	1	529										
52	51	136	136	0.5		3/8	3/8	Chord	4/4	2	1	1/8		1/8	1	530										
52	51	273/2	273/2	0.5		1/2	1/2	Chord	4/4	2	1	1/8		1/8	1	531										
52	51	137	137	0.5		5/8	5/8	Chord	4/4	2	1	1/8		1/8	1	532										
52	51	275/2	275/2	0.5		3/4	3/4	Chord	4/4	2	1	1/8		1/8	1	533										
52	51	138	138	0.5		7/8	7/8	Chord	4/4	2	1	1/8		1/8	1	534										
53	52	277/2	277/2	1.0		0	0	Chord	4/4	1	1	1/4		1/4	1	535							85			
53	52	279/2	279/2	1.0		1/4	1/4	Chord	4/4	1	1	1/4		1/4	1	536							85			
53	52	281/2	281/2	2.0		1/2	1/2	Chord	4/4	1	1	1/2		1/2	1	537										
53	52	277/2	277/2	0.5		0	0	Chord	4/4	2	1	1/8		1/8	1	538										
53	52	139	139	0.5		1/8	1/8	Chord	4/4	2	1	1/8		1/8	1	539										
53	52	279/2	279/2	0.5		1/4	1/4	Chord	4/4	2	1	1/8		1/8	1	540										
53	52	140	140	0.5		3/8	3/8	Chord	4/4	2	1	1/8		1/8	1	541										
53	52	281/2	281/2	0.5		1/2	1/2	Chord	4/4	2	1	1/8		1/8	1	542										
53	52	141	141	0.5		5/8	5/8	Chord	4/4	2	1	1/8		1/8	1	543										
53	52	283/2	283/2	0.5		3/4	3/4	Chord	4/4	2	1	1/8		1/8	1	544										
53	52	142	142	0.5		7/8	7/8	Chord	4/4	2	1	1/8		1/8	1	545										
54	53	287/2	287/2	0.0		1/4	1/4	Dynamic	4/4	1	1	0					p									
54	53	287/2	287/2	0.0		1/4	1/4	Spanner	4/4	1	1	0												2		
54	53	287/2	287/2	3.0		1/4	1/4	Chord	4/4	1	1	3/4		1/2	3/2	546								2		
54	53	285/2	285/2	0.5		0	0	Chord	4/4	2	1	1/8		1/8	1	547										
54	53	143	143	0.5		1/8	1/8	Chord	4/4	2	1	1/8		1/8	1	548										
54	53	287/2	287/2	0.5		1/4	1/4	Chord	4/4	2	1	1/8		1/8	1	549										
54	53	144	144	0.5		3/8	3/8	Chord	4/4	2	1	1/8		1/8	1	550										
54	53	289/2	289/2	0.5		1/2	1/2	Chord	4/4	2	1	1/8		1/8	1	551										
54	53	145	145	0.5		5/8	5/8	Chord	4/4	2	1	1/8		1/8	1	552										
54	53	291/2	291/2	0.5		3/4	3/4	Chord	4/4	2	1	1/8		1/8	1	553										
54	53	146	146	0.5		7/8	7/8	Chord	4/4	2	1	1/8		1/8	1	554										
55	54	293/2	293/2	0.0		0	0	Spanner	4/4	1	1	0														
55	54	295/2	295/2	0.0		1/4	1/4	Spanner	4/4	1	1	0												3		
55	54	295/2	295/2	3.0		1/4	1/4	Chord	4/4	1	1	3/4		1/2	3/2	555								3		
55	54	293/2	293/2	0.5		0	0	Chord	4/4	2	1	1/8		1/8	1	556										
55	54	147	147	0.5		1/8	1/8	Chord	4/4	2	1	1/8		1/8	1	557										
55	54	295/2	295/2	0.5		1/4	1/4	Chord	4/4	2	1	1/8		1/8	1	558										
55	54	148	148	0.5		3/8	3/8	Chord	4/4	2	1	1/8		1/8	1	559										
55	54	297/2	297/2	0.5		1/2	1/2	Chord	4/4	2	1	1/8		1/8	1	560										
55	54	149	149	0.5		5/8	5/8	Chord	4/4	2	1	1/8		1/8	1	561										
55	54	299/2	299/2	0.5		3/4	3/4	Chord	4/4	2	1	1/8		1/8	1	562										
55	54	150	150	0.5		7/8	7/8	Chord	4/4	2	1	1/8		1/8	1	563										
56	55		301/2	0.0	1	0	0	Dynamic	5/4	1	1	0					ppp									
56	55		301/2	0.0	1	0	0	Spanner	5/4	1	1	0														
56	55		301/2	0.5	1	0	0	Chord	5/4	1	1	1/8		1/8	1	564							86			
56	55		151	0.5	1	1/8	1/8	Chord	5/4	1	1	1/8		1/8	1	565							86			
56	55		303/2	0.5	1	1/4	1/4	Chord	5/4	1	1	1/8		1/8	1	566							86			
56	55		152	0.5	1	3/8	3/8	Chord	5/4	1	1	1/8		1/8	1	567							86			
56	55		305/2	0.5	1	1/2	1/2	Chord	5/4	1	1	1/8		1/8	1	568							86			
56	55		153	0.5	1	5/8	5/8	Chord	5/4	1	1	1/8		1/8	1	569							86			
56	55		307/2	0.5	1	3/4	3/4	Chord	5/4	1	1	1/8		1/8	1	570							86			
56	55		154	0.0	1	7/8	7/8	Spanner	5/4	1	1	0											86		0	
56	55		154	0.5	1	7/8	7/8	Chord	5/4	1	1	1/8		1/8	1	571							86		0	
56	55		309/2	0.5	1	1	1	Chord	5/4	1	1	1/8		1/8	1	572							86		0	
56	55		155	0.5	1	9/8	9/8	Chord	5/4	1	1	1/8		1/8	1	573									0	
56	55		301/2	0.5	1	0	0	Chord	5/4	2	1	1/8		1/8	1	574							87			
56	55		151	0.5	1	1/8	1/8	Chord	5/4	2	1	1/8		1/8	1	575							87			
56	55		303/2	0.5	1	1/4	1/4	Chord	5/4	2	1	1/8		1/8	1	576							87			
56	55		152	0.5	1	3/8	3/8	Chord	5/4	2	1	1/8		1/8	1	577							87			
56	55		305/2	0.5	1	1/2	1/2	Chord	5/4	2	1	1/8		1/8	1	578							87			
56	55		153	0.5	1	5/8	5/8	Chord	5/4	2	1	1/8		1/8	1	579							87			
56	55		307/2	0.5	1	3/4	3/4	Chord	5/4	2	1	1/8		1/8	1	580							87			
56	55		154	0.5	1	7/8	7/8	Chord	5/4	2	1	1/8		1/8	1	581							87			
56	55		309/2	0.5	1	1	1	Chord	5/4	2	1	1/8		1/8	1	582							87			
56	55		155	0.5	1	9/8	9/8	Chord	5/4	2	1	1/8		1/8	1	583										
57	55	301/2	311/2	0.0	2	0	0	Spanner	5/4	1	1	0														
57	55	301/2	311/2	0.5	2	0	0	Chord	5/4	1	1	1/8		1/8	1	584							88			
57	55	151	156	0.5	2	1/8	1/8	Chord	5/4	1	1	1/8		1/8	1	585							88			
57	55	303/2	313/2	0.5	2	1/4	1/4	Chord	5/4	1	1	1/8		1/8	1	586							88			
57	55	152	157	0.5	2	3/8	3/8	Chord	5/4	1	1	1/8		1/8	1	587							88			
57	55	305/2	315/2	0.5	2	1/2	1/2	Chord	5/4	1	1	1/8		1/8	1	588							88			
57	55	153	158	0.5	2	5/8	5/8	Chord	5/4	1	1	1/8		1/8	1	589							88			
57	55	307/2	317/2	0.5	2	3/4	3/4	Chord	5/4	1	1	1/8		1/8	1	590							88			
57	55	154	159	0.5	2	7/8	7/8	Chord	5/4	1	1	1/8		1/8	1	591							88			
57	55	309/2	319/2	0.5	2	1	1	Chord	5/4	1	1	1/8		1/8	1	592							88			
57	55	155	160	0.5	2	9/8	9/8	Chord	5/4	1	1	1/8		1/8	1	593							88			
57	55	301/2	311/2	0.0	2	0	0	StaffText	5/4	2	1	0							<i>ra _ len _ tir en s`effacant</i>							
57	55	301/2	311/2	0.5	2	0	0	Chord	5/4	2	1	1/8		1/8	1	594							89			
57	55	151	156	0.5	2	1/8	1/8	Chord	5/4	2	1	1/8		1/8	1	595							89			
57	55	303/2	313/2	0.5	2	1/4	1/4	Chord	5/4	2	1	1/8		1/8	1	596							89			
57	55	152	157	0.5	2	3/8	3/8	Chord	5/4	2	1	1/8		1/8	1	597							89			
57	55	305/2	315/2	0.5	2	1/2	1/2	Chord	5/4	2	1	1/8		1/8	1	598							89			
57	55	153	158	0.5	2	5/8	5/8	Chord	5/4	2	1	1/8		1/8	1	599							89			
57	55	307/2	317/2	0.5	2	3/4	3/4	Chord	5/4	2	1	1/8		1/8	1	600							89			
57	55	154	159	0.5	2	7/8	7/8	Chord	5/4	2	1	1/8		1/8	1	601							89			
57	55	309/2	319/2	0.5	2	1	1	Chord	5/4	2	1	1/8		1/8	1	602							89			
57	55	155	160	0.5	2	9/8	9/8	Chord	5/4	2	1	1/8		1/8	1	603							89			
58	56	311/2	321/2	0.5		0	0	Chord	4/4	1	1	1/8		1/8	1	604							88			
58	56	156	161	0.5		1/8	1/8	Chord	4/4	1	1	1/8		1/8	1	605							88			
58	56	313/2	323/2	3.0		1/4	1/4	Chord	4/4	1	1	3/4		1/2	3/2	606										
58	56	315/2	325/2	0.0		1/2	1/2	StaffText	4/4	1	1	0							<i>laisser vibrer</i>							
58	56	315/2	325/2	2.0		1/2	1/2	Chord	4/4	1	2	1/2		1/2	1	607		articAccentStaccatoAbove								
58	56	315/2	325/2	2.0		1/2	1/2	Chord	4/4	2	1	1/2		1/2	1	608		articAccentStaccatoBelow								
58	56	311/2	321/2	0.5		0	0	Chord	4/4	2	2	1/8		1/8	1	609										
58	56	156	161	0.5		1/8	1/8	Chord	4/4	2	2	1/8		1/8	1	610										
58	56	313/2	323/2	3.0		1/4	1/4	Chord	4/4	2	2	3/4		1/2	3/2	611										
